{
  "bg_img_url": "",
  "OriginalFileName": "ELA-5500000000004-AN.xml",
  "OriginalRelativeFileDirectory": null,
  "FlattenedJsonFileName": "ELA-5500000000004-AN.json",
  "MathMissionHeader": null,
  "header": {
    "lesson_id": "6244",
    "lesson_number": "14",
    "lesson_name": "Week 14",
    "lesson_types": null,
    "subject": 0,
    "subject_classificationSpecified": false,
    "grade": 31,
    "gradeSpecified": true,
    "unit": "3",
    "episode_number": null,
    "episode_name": null,
    "time_required": null,
    "version_number": null,
    "SubjectString": "ela"
  },
  "tasks": [
    {
      "task_id": 1,
      "description": "Week 14, Day 1: Spelling Pretest",
      "routines": {
        "routine": {
          "routine_id": 1,
          "routine_name": "Work Time"
        }
      },
      "steps": [
        {
          "step_id": 1,
          "description": null,
          "toc_description": "You will continue to learn about common spelling patterns. You will have opportunities to explore the spelling patterns by completing word sorts, building words, and exploring patterns.",
          "intended_end_user_roleSpecified": false,
          "interactivity_type": null,
          "layout": 0,
          "completedSpecified": false,
          "hints": null,
          "professional_development": null,
          "content_url": "gradev2015_sg_ela_unit3_lesson14_task1_step1.html",
          "screenshot_url": "screenshot_gradev2015_sg_ela_unit3_lesson14_task1_step1.png",
          "thumbnail_url": "thumbnail_gradev2015_sg_ela_unit3_lesson14_task1_step1.png",
          "challenge_problem_step": false,
          "teacher_mode_content": null,
          "scrollable": false,
          "ResourceType": "Step",
          "LearningResourceId": "803903f0-299c-43cf-b818-ab12fdaa1874",
          "NaturalKey": "L6244:T1:S1"
        }
      ],
      "ResourceType": "Task",
      "LearningResourceId": "d9e9bb80-299c-4998-8bf7-5bf8e3caef88",
      "NaturalKey": "L6244:T1"
    },
    {
      "task_id": 2,
      "description": "Week 14, Day 2: Picture Dictionary",
      "routines": {
        "routine": {
          "routine_id": 0,
          "routine_name": "Work Time"
        }
      },
      "steps": [
        {
          "step_id": 1,
          "description": null,
          "toc_description": "Today you will continue to work with the spelling words of the week.",
          "intended_end_user_roleSpecified": false,
          "interactivity_type": null,
          "layout": 0,
          "completedSpecified": false,
          "hints": null,
          "professional_development": null,
          "content_url": "gradev2015_sg_ela_unit3_lesson14_task2_step1.html",
          "screenshot_url": "screenshot_gradev2015_sg_ela_unit3_lesson14_task2_step1.png",
          "thumbnail_url": "thumbnail_gradev2015_sg_ela_unit3_lesson14_task2_step1.png",
          "challenge_problem_step": false,
          "teacher_mode_content": null,
          "scrollable": false,
          "ResourceType": "Step",
          "LearningResourceId": "1c6da76d-299c-402e-93b2-9bab94cc5f40",
          "NaturalKey": "L6244:T2:S1"
        }
      ],
      "ResourceType": "Task",
      "LearningResourceId": "90ba269c-299c-490c-9583-e9ea1c535c4c",
      "NaturalKey": "L6244:T2"
    },
    {
      "task_id": 3,
      "description": "Week 14, Day 3: Spelling Search",
      "routines": {
        "routine": {
          "routine_id": 0,
          "routine_name": "Work Time"
        }
      },
      "steps": [
        {
          "step_id": 1,
          "description": null,
          "toc_description": "Continue to work with the spelling words of the week, homophones, by going on a Spelling Search. ",
          "intended_end_user_roleSpecified": false,
          "interactivity_type": null,
          "layout": 0,
          "completedSpecified": false,
          "hints": null,
          "professional_development": null,
          "content_url": "gradev2015_sg_ela_unit3_lesson14_task3_step1.html",
          "screenshot_url": "screenshot_gradev2015_sg_ela_unit3_lesson14_task3_step1.png",
          "thumbnail_url": "thumbnail_gradev2015_sg_ela_unit3_lesson14_task3_step1.png",
          "challenge_problem_step": false,
          "teacher_mode_content": null,
          "scrollable": false,
          "ResourceType": "Step",
          "LearningResourceId": "66573aa2-299c-4cc5-b2c6-3650b03266a9",
          "NaturalKey": "L6244:T3:S1"
        }
      ],
      "ResourceType": "Task",
      "LearningResourceId": "49ed0aa8-299c-4eea-9e28-72e0e0f31ce2",
      "NaturalKey": "L6244:T3"
    },
    {
      "task_id": 4,
      "description": "Week 14, Day 4: Spelling Practice",
      "routines": {
        "routine": {
          "routine_id": 0,
          "routine_name": "Work Time"
        }
      },
      "steps": [
        {
          "step_id": 1,
          "description": null,
          "toc_description": "",
          "intended_end_user_roleSpecified": false,
          "interactivity_type": null,
          "layout": 0,
          "completedSpecified": false,
          "hints": null,
          "professional_development": null,
          "content_url": "gradev2015_sg_ela_unit3_lesson14_task4_step1.html",
          "screenshot_url": "screenshot_gradev2015_sg_ela_unit3_lesson14_task4_step1.png",
          "thumbnail_url": "thumbnail_gradev2015_sg_ela_unit3_lesson14_task4_step1.png",
          "challenge_problem_step": false,
          "teacher_mode_content": null,
          "scrollable": false,
          "ResourceType": "Step",
          "LearningResourceId": "a085c2a9-299c-445b-b0c8-4cb0ac088e7f",
          "NaturalKey": "L6244:T4:S1"
        }
      ],
      "ResourceType": "Task",
      "LearningResourceId": "dbb71fb1-299c-4151-9b93-95ff8b190554",
      "NaturalKey": "L6244:T4"
    },
    {
      "task_id": 5,
      "description": "Week 14, Day 5: Spelling Test",
      "routines": {
        "routine": {
          "routine_id": 0,
          "routine_name": "Work Time"
        }
      },
      "steps": [
        {
          "step_id": 1,
          "description": null,
          "toc_description": "Today you will work with a partner to give and take your spelling test.",
          "intended_end_user_roleSpecified": false,
          "interactivity_type": null,
          "layout": 0,
          "completedSpecified": false,
          "hints": null,
          "professional_development": null,
          "content_url": "gradev2015_sg_ela_unit3_lesson14_task5_step1.html",
          "screenshot_url": "screenshot_gradev2015_sg_ela_unit3_lesson14_task5_step1.png",
          "thumbnail_url": "thumbnail_gradev2015_sg_ela_unit3_lesson14_task5_step1.png",
          "challenge_problem_step": false,
          "teacher_mode_content": null,
          "scrollable": false,
          "ResourceType": "Step",
          "LearningResourceId": "d320ed64-299c-4233-b5eb-2c3548fd6d73",
          "NaturalKey": "L6244:T5:S1"
        }
      ],
      "ResourceType": "Task",
      "LearningResourceId": "1c5b8d96-299c-465d-8411-a8c016689b26",
      "NaturalKey": "L6244:T5"
    }
  ],
  "ResourceType": "Lesson",
  "LearningResourceId": "808713cb-40f2-4b89-93bb-f73aef76d883",
  "NaturalKey": "L6244"
}