{"type":"lesson","version":"635651514089398795","Contents":[{"Name":"ELA-5500000000004-AN.json","Footprint":"","Sharing":"NonSharable","AssetSize":0},{"Name":"gradev2015_sg_ela_unit3_lesson14_task1_step1.html","Footprint":"","Sharing":"NonSharable","AssetSize":0},{"Name":"thumbnail_gradev2015_sg_ela_unit3_lesson14_task1_step1.png","Footprint":"","Sharing":"NonSharable","AssetSize":0},{"Name":"screenshot_gradev2015_sg_ela_unit3_lesson14_task1_step1.png","Footprint":"","Sharing":"NonSharable","AssetSize":0},{"Name":"half_sh_gradev2015_sg_ela_unit3_lesson14_task1_step1.png","Footprint":"","Sharing":"NonSharable","AssetSize":0},{"Name":"gradev2015_sg_ela_unit3_lesson14_task2_step1.html","Footprint":"","Sharing":"NonSharable","AssetSize":0},{"Name":"thumbnail_gradev2015_sg_ela_unit3_lesson14_task2_step1.png","Footprint":"","Sharing":"NonSharable","AssetSize":0},{"Name":"screenshot_gradev2015_sg_ela_unit3_lesson14_task2_step1.png","Footprint":"","Sharing":"NonSharable","AssetSize":0},{"Name":"half_sh_gradev2015_sg_ela_unit3_lesson14_task2_step1.png","Footprint":"","Sharing":"NonSharable","AssetSize":0},{"Name":"gradev2015_sg_ela_unit3_lesson14_task3_step1.html","Footprint":"","Sharing":"NonSharable","AssetSize":0},{"Name":"thumbnail_gradev2015_sg_ela_unit3_lesson14_task3_step1.png","Footprint":"","Sharing":"NonSharable","AssetSize":0},{"Name":"screenshot_gradev2015_sg_ela_unit3_lesson14_task3_step1.png","Footprint":"","Sharing":"NonSharable","AssetSize":0},{"Name":"half_sh_gradev2015_sg_ela_unit3_lesson14_task3_step1.png","Footprint":"","Sharing":"NonSharable","AssetSize":0},{"Name":"gradev2015_sg_ela_unit3_lesson14_task4_step1.html","Footprint":"","Sharing":"NonSharable","AssetSize":0},{"Name":"thumbnail_gradev2015_sg_ela_unit3_lesson14_task4_step1.png","Footprint":"","Sharing":"NonSharable","AssetSize":0},{"Name":"screenshot_gradev2015_sg_ela_unit3_lesson14_task4_step1.png","Footprint":"","Sharing":"NonSharable","AssetSize":0},{"Name":"half_sh_gradev2015_sg_ela_unit3_lesson14_task4_step1.png","Footprint":"","Sharing":"NonSharable","AssetSize":0},{"Name":"gradev2015_sg_ela_unit3_lesson14_task5_step1.html","Footprint":"","Sharing":"NonSharable","AssetSize":0},{"Name":"thumbnail_gradev2015_sg_ela_unit3_lesson14_task5_step1.png","Footprint":"","Sharing":"NonSharable","AssetSize":0},{"Name":"screenshot_gradev2015_sg_ela_unit3_lesson14_task5_step1.png","Footprint":"","Sharing":"NonSharable","AssetSize":0},{"Name":"half_sh_gradev2015_sg_ela_unit3_lesson14_task5_step1.png","Footprint":"","Sharing":"NonSharable","AssetSize":0}],"RequiredAssets":[]}